{"info":{"_postman_id":"10bc2fce-1c37-4dc1-9457-fe98ec9b8e1c","name":"API documentation","description":"# 📄 Get started here\n\nThis template contains a boilerplate for documentation that you can quickly customize and reuse.\n\n## 🔖 How to use this template\n\n- Replace the content given brackets (()) with your API's details.\n- Tips are formatted in `codespan` - feel free to read and remove them.\n    \n\n---\n\n`Start with a brief overview of what your API offers.`\n\nThe ((product name)) provides many API products, tools, and resources that enable you to ((add product value here)).\n\n`You can also list the APIs you offer, link to the relevant pages, or do both in this section.`\n\n## **Getting started guide**\n\n`List the steps or points required to start using your APIs. Make sure to cover everything required to reach success with your API as quickly as possible.`\n\nTo start using the ((add APIs here)), you need to -\n\n`The points given below are from The Postman API's documentation. You can reference it to write your own getting started guide.`\n\n- You must use a valid API Key to send requests to the API endpoints. You can get your API key from Postman's [integrations dashboard](https://go.postman.co/settings/me/api-keys).\n- The API has [rate and usage limits](https://postman.postman.co/workspace/Collection-Templates~6311738d-2e70-441f-ae12-78caf078c5b7/collection/22517504-e9c28f47-1253-44af-a2f3-20dce4da1f18?ctx=documentation#rate-and-usage-limits).\n- The API only responds to HTTPS-secured communications. Any requests sent via HTTP return an HTTP 301 redirect to the corresponding HTTPS resources.\n- The API returns request responses in JSON format. When an API request returns an error, it is sent in the JSON response as an error key.\n    \n\n## Authentication\n\n`Add details on the authorization keys/tokens required, steps that cover how to get them, and the relevant error codes.`\n\nThe ((product name)) API uses ((add your API's authorization type)) for authentication.\n\n`The details given below are from the Postman API's documentation. You can reference it to write your own authentication section.`\n\nPostman uses API keys for authentication. You can generate a Postman API key in the [API keys](https://postman.postman.co/settings/me/api-keys) section of your Postman account settings.\n\nYou must include an API key in each request to the Postman API with the X-Api-Key request header.\n\n### Authentication error response\n\nIf an API key is missing, malformed, or invalid, you will receive an HTTP 401 Unauthorized response code.\n\n## Rate and usage limits\n\n`Use this section to cover your APIs' terms of use. Include API limits, constraints, and relevant error codes, so consumers understand the permitted API usage and practices.`\n\n`The example given below is from The Postman API's documentation. Use it as a reference to write your APIs' terms of use.`\n\nAPI access rate limits apply at a per-API key basis in unit time. The limit is 300 requests per minute. Also, depending on your plan, you may have usage limits. If you exceed either limit, your request will return an HTTP 429 Too Many Requests status code.\n\nEach API response returns the following set of headers to help you identify your use status:\n\n| Header | Description |\n| --- | --- |\n| `X-RateLimit-Limit` | The maximum number of requests that the consumer is permitted to make per minute. |\n| `X-RateLimit-Remaining` | The number of requests remaining in the current rate limit window. |\n| `X-RateLimit-Reset` | The time at which the current rate limit window resets in UTC epoch seconds. |\n\n### 503 response\n\nAn HTTP `503` response from our servers indicates there is an unexpected spike in API access traffic. The server is usually operational within the next five minutes. If the outage persists or you receive any other form of an HTTP `5XX` error, [contact support](https://support.postman.com/hc/en-us/requests/new/).\n\n### **Need some help?**\n\n`Add links that customers can refer to whenever they need help.`\n\nIn case you have questions, go through our tutorials ((link to your video or help documentation here)). Or visit our FAQ page ((link to the relevant page)).\n\nOr you can check out our community forum, there’s a good chance our community has an answer for you. Visit our developer forum ((link to developer forum)) to review topics, ask questions, and learn from others.\n\n`You can also document or add links to libraries, code examples, and other resources needed to make a request.`","schema":"https://schema.getpostman.com/json/collection/v2.1.0/collection.json"},"item":[{"name":"Auth","item":[{"name":"register","id":"32e5a441-11cb-4b9f-8ad5-8c5020bd9729","protocolProfileBehavior":{"disableBodyPruning":true},"request":{"method":"POST","header":[{"key":"Environment-Id","value":"","description":"Your environment_id","type":"text"},{"key":"Resource-Id","value":"e10860a9-8abd-4cce-8f3a-3586957bb107","type":"text","disabled":true}],"body":{"mode":"raw","raw":"{\n  \"data\": {\n    \"surname\": \"Doe\",\n    \"name\": \"John\",\n    \"login\": \"johndoe\",\n    \"password\":\"johndoe123\",\n    \"email\": \"johndoe@gmail.com\",\n    \"phone\": \"\",\n    \"client_type_id\": \"\",\n    \"role_id\":\"\"\n  }\n}","options":{"raw":{"language":"json"}}},"url":{"raw":"{{BaseAuthUrl}}/v2/auth/register/:provider?project-id=","host":["{{BaseAuthUrl}}"],"path":["v2","auth","register",":provider"],"query":[{"key":"project-id","value":"","description":"Your project_id"}],"variable":[{"id":"914bf205-9d5d-4921-bfbe-abe6ff70d1be","key":"provider","value":"","description":"email or phone"}]}},"response":[]},{"name":"login","id":"1fbfaa03-9151-41fa-8c5e-38f72f93dc3d","protocolProfileBehavior":{"disableBodyPruning":true},"request":{"method":"POST","header":[{"key":"Environment-Id","value":"c3c9667b-c699-4fd4-be5e-9f228741dfcf","description":"Your environment_id","type":"text"}],"body":{"mode":"raw","raw":"{\n  \"data\": {\n   \"client_type_id\": \"\",\n    \"role_id\":\"\",\n    \"project_id\":\"\",\n    \"username\": \"johndoe\",\n    \"email\": \"\",\n    \"phone\": \"\",\n    \"otp\": \"\",\n    \"password\": \"johndoe123\"\n  },\n  \"login_strategy\": \"LOGIN\",\n  \"tables\": []\n}","options":{"raw":{"language":"json"}}},"url":{"raw":"{{BaseAuthUrl}}/v2/auth/login/:provider?project-id=","host":["{{BaseAuthUrl}}"],"path":["v2","auth","login",":provider"],"query":[{"key":"project-id","value":"","description":"Your project_id"}],"variable":[{"id":"9c29db64-2d82-4f25-8b8e-06c8173c0044","key":"provider","value":"login","description":"email, phone, login, login_pwd, phone_otp, email_otp, phone_pwd, email_pwd"}]}},"response":[]},{"name":"send-otp","id":"c9b86c01-d6c9-48e0-8f35-0f9ff6bbb397","protocolProfileBehavior":{"disableBodyPruning":true},"request":{"method":"POST","header":[{"key":"Environment-Id","value":"c3c9667b-c699-4fd4-be5e-9f228741dfcf","description":"Your environment_id","type":"text"},{"key":"Resource-Id","value":"b9db0216-2bc2-4859-8bd0-dc430f40498b","type":"text"}],"body":{"mode":"raw","raw":"{\n  \"recipient\": \"+998990026162\", // a@gmail.com, +998997458231\n  \"text\": \"Your otp: \", // custom message with otp\n  \"type\": \"PHONE\" // email or phone\n}","options":{"raw":{"language":"json"}}},"url":{"raw":"{{BaseAuthUrl}}/v2/auth/send-code?project-id=7214baf7-74da-4fd2-a116-6477a9528c83","host":["{{BaseAuthUrl}}"],"path":["v2","auth","send-code"],"query":[{"key":"project-id","value":"7214baf7-74da-4fd2-a116-6477a9528c83","description":"Your project_id"}]}},"response":[]},{"name":"verify","id":"ed7cfb9a-3e3d-4555-9143-6fde1df2e42a","protocolProfileBehavior":{"disableBodyPruning":true},"request":{"method":"POST","header":[{"key":"Environment-Id","value":"c3c9667b-c699-4fd4-be5e-9f228741dfcf","description":"Your environment_id","type":"text"},{"key":"Resource-Id","value":"b9db0216-2bc2-4859-8bd0-dc430f40498b","type":"text"}],"body":{"mode":"raw","raw":"{\n \"otp\": \"121212\", // otp\n \"provider\": \"default\", // default, phone\n \"data\": {}\n}","options":{"raw":{"language":"json"}}},"url":{"raw":"{{BaseAuthUrl}}/v2/auth/verify/:verify_id?project-id=7214baf7-74da-4fd2-a116-6477a9528c83","host":["{{BaseAuthUrl}}"],"path":["v2","auth","verify",":verify_id"],"query":[{"key":"project-id","value":"7214baf7-74da-4fd2-a116-6477a9528c83","description":"Your project_id"}],"variable":[{"id":"e5bbf93f-43ec-4071-98ec-37b2bb28748d","key":"verify_id","value":"a6e2d43f-a6c8-4ebd-ba1d-2176889e11f4"}]}},"response":[]},{"name":"refresh","id":"6b5d2b52-f006-4289-8165-774a7dcabec2","protocolProfileBehavior":{"disableBodyPruning":true},"request":{"method":"POST","header":[],"body":{"mode":"raw","raw":"{\n  \"client_type_id\": \"\",\n  \"env_id\": \"\",\n  \"project_id\": \"\",\n  \"refresh_token\": \"\",\n  \"role_id\": \"\"\n}","options":{"raw":{"language":"json"}}},"url":{"raw":"{{BaseAuthUrl}}/v2/auth/refresh","host":["{{BaseAuthUrl}}"],"path":["v2","auth","refresh"]}},"response":[]},{"name":"logout","id":"bd385e39-690d-4080-89e3-94860b062df6","protocolProfileBehavior":{"disableBodyPruning":true},"request":{"method":"POST","header":[],"body":{"mode":"raw","raw":"{\n  \"access_token\": \"\"\n}","options":{"raw":{"language":"json"}}},"url":{"raw":"{{BaseAuthUrl}}/v2/auth/logout","host":["{{BaseAuthUrl}}"],"path":["v2","auth","logout"]}},"response":[]}],"id":"a4abb9c6-46c1-40e0-b7dd-8cd42acb67a9"},{"name":"Files","item":[{"name":"List","id":"857326ae-fc56-48d0-a861-119fc80d5481","protocolProfileBehavior":{"disableBodyPruning":true},"request":{"method":"GET","header":[{"key":"Authorization","value":"API-KEY","description":"API-KEY & Bearer {token}","type":"text"},{"key":"X-API-KEY","value":"P-tBnx8s08cxeWyBbHmCEcockTw9BkDWLi","description":"API-KEY (The special key of the project)","type":"text"}],"body":{"mode":"raw","raw":"","options":{"raw":{"language":"json"}}},"url":{"raw":"{{BaseURL}}/v2/files?folder_name=","host":["{{BaseURL}}"],"path":["v2","files"],"query":[{"key":"folder_name","value":""}]}},"response":[]},{"name":"Single","id":"97a8bafd-29bd-4b46-8af8-f7d87319a12f","protocolProfileBehavior":{"disableBodyPruning":true},"request":{"method":"GET","header":[{"key":"Authorization","value":"API-KEY","description":"API-KEY & Bearer {token}","type":"text"},{"key":"X-API-KEY","value":"","description":"API-KEY (The special key of the project)","type":"text"}],"body":{"mode":"raw","raw":"","options":{"raw":{"language":"json"}}},"url":{"raw":"{{BaseURL}}/v2/files/:id","host":["{{BaseURL}}"],"path":["v2","files",":id"],"variable":[{"id":"5ef2317d-4c09-4e5e-9136-7e65282d1816","key":"id","value":"","description":"File id"}]}},"response":[]},{"name":"Create","id":"73e0f615-9787-4df6-94d9-a1c1d6f10e17","protocolProfileBehavior":{"disableBodyPruning":true},"request":{"method":"POST","header":[{"key":"Authorization","value":"API-KEY","description":"API-KEY & Bearer {token}","type":"text"},{"key":"X-API-KEY","value":"","description":"API-KEY (The special key of the project)","type":"text"}],"body":{"mode":"formdata","formdata":[{"key":"file","type":"file","src":"/home/abdinazarov/Pictures/cats2.jpg"}]},"url":{"raw":"{{BaseURL}}/v2/files?folder_name=","host":["{{BaseURL}}"],"path":["v2","files"],"query":[{"key":"folder_name","value":""}]}},"response":[]},{"name":"Update","id":"18dd5260-4914-4bf9-8563-707fe7dd8ccc","protocolProfileBehavior":{"disableBodyPruning":true},"request":{"method":"PUT","header":[{"key":"Authorization","value":"API-KEY","description":"API-KEY & Bearer {token}","type":"text"},{"key":"X-API-KEY","value":"","description":"API-KEY (The special key of the project)","type":"text"}],"body":{"mode":"raw","raw":"{\n  \"title\": \"\",\n  \"storage\": \"\",\n  \"file_name_disk\": \"\",\n  \"file_name_download\": \"\",\n  \"link\": \"\",\n  \"file_size\": 0\n}","options":{"raw":{"language":"json"}}},"url":{"raw":"{{BaseURL}}/v2/files/:id/upload","host":["{{BaseURL}}"],"path":["v2","files",":id","upload"],"variable":[{"id":"141ac5f5-0044-4922-ae25-40e0fe38feec","key":"id","value":""}]}},"response":[]},{"name":"Delete","id":"fd0261db-ea9d-47a7-a42e-1d85bc2ec978","protocolProfileBehavior":{"disableBodyPruning":true},"request":{"method":"DELETE","header":[{"key":"Authorization","value":"API-KEY","description":"API-KEY & Bearer {token}","type":"text"},{"key":"X-API-KEY","value":"P-tBnx8s08cxeWyBbHmCEcockTw9BkDWLi","description":"API-KEY (The special key of the project)","type":"text"}],"body":{"mode":"raw","raw":"","options":{"raw":{"language":"json"}}},"url":{"raw":"{{BaseURL}}/v2/files/:id/upload","host":["{{BaseURL}}"],"path":["v2","files",":id","upload"],"variable":[{"id":"34c69c3e-2f9d-42bc-80c8-3ecf1eb1ecc8","key":"id","value":""}]}},"response":[]}],"id":"64a3b81e-73c8-4b09-9b09-2f907cea1351"},{"name":"Items","item":[{"name":"Create","id":"73b7e314-62ca-4f77-bc5c-7631b0264961","protocolProfileBehavior":{"disableBodyPruning":true},"request":{"method":"POST","header":[{"key":"Authorization","value":"API-KEY","description":"API-KEY & Bearer {token}","type":"text"},{"key":"X-API-KEY","value":"","description":"API-KEY (The special key of the project)","type":"text"}],"body":{"mode":"raw","raw":"{\n    // table fields\n    \"data\": {\n        // \"name\": \"John\"\n    }\n}","options":{"raw":{"language":"json"}}},"url":{"raw":"{{BaseURL}}/v2/items/:collection","host":["{{BaseURL}}"],"path":["v2","items",":collection"],"variable":[{"id":"3bc7cfa7-2461-4736-8a9e-ebd1b6c3c461","key":"collection","value":"","description":"Table slug"}]}},"response":[]},{"name":"List","id":"7ad4b194-a768-4cd8-a9a1-fb8525f5ce7f","protocolProfileBehavior":{"disableBodyPruning":true},"request":{"method":"GET","header":[{"key":"Authorization","value":"API-KEY","description":"API-KEY & Bearer {token}","type":"text"},{"key":"X-API-KEY","value":"","description":"API-KEY (The special key of the project)","type":"text"}],"body":{"mode":"raw","raw":"","options":{"raw":{"language":"json"}}},"url":{"raw":"{{BaseURL}}/v2/items/:collection?data={}","host":["{{BaseURL}}"],"path":["v2","items",":collection"],"query":[{"key":"data","value":"{}","description":"additional params(limit, offset, filters)"}],"variable":[{"id":"1702f8c9-e75a-4143-b8dd-3b742daaa403","key":"collection","value":"","description":"Table slug"}]}},"response":[]},{"name":"Single","id":"bebb5a3d-3f9b-488e-88cb-d16455772b21","protocolProfileBehavior":{"disableBodyPruning":true},"request":{"method":"GET","header":[{"key":"Authorization","value":"API-KEY","description":"API-KEY & Bearer {token}","type":"text"},{"key":"X-API-KEY","value":"","description":"API-KEY (The special key of the project)","type":"text"}],"body":{"mode":"raw","raw":"","options":{"raw":{"language":"json"}}},"url":{"raw":"{{BaseURL}}/v2/items/:collection/:id","host":["{{BaseURL}}"],"path":["v2","items",":collection",":id"],"variable":[{"id":"020cc08f-baae-4163-be92-48b9515b4fca","key":"collection","value":"","description":"Table slug"},{"id":"449bc267-dadc-4695-9342-7f123b1a843a","key":"id","value":""}]}},"response":[]},{"name":"Delete","id":"4c516f14-a31f-41c7-98fb-21d8514de4f1","protocolProfileBehavior":{"disableBodyPruning":true},"request":{"method":"DELETE","header":[{"key":"Authorization","value":"API-KEY","description":"API-KEY & Bearer {token}","type":"text"},{"key":"X-API-KEY","value":"","description":"API-KEY (The special key of the project)","type":"text"}],"body":{"mode":"raw","raw":"","options":{"raw":{"language":"json"}}},"url":{"raw":"{{BaseURL}}/v2/items/:collection/:id","host":["{{BaseURL}}"],"path":["v2","items",":collection",":id"],"variable":[{"id":"9f1bb225-3752-4e0e-945e-0e2bd549852d","key":"collection","value":"","description":"Table slug"},{"id":"a03cbf90-d991-4caf-8d98-1fcea460c96c","key":"id","value":""}]}},"response":[]},{"name":"Multiple Delete","id":"63a29fda-f4d9-4c78-8f7a-374e2b28253d","protocolProfileBehavior":{"disableBodyPruning":true},"request":{"method":"DELETE","header":[{"key":"Authorization","value":"API-KEY","description":"API-KEY & Bearer {token}","type":"text"},{"key":"X-API-KEY","value":"","description":"API-KEY (The special key of the project)","type":"text"}],"body":{"mode":"raw","raw":"{\n    // item guids\n    \"ids\": []\n}","options":{"raw":{"language":"json"}}},"url":{"raw":"{{BaseURL}}/v2/items/:collection","host":["{{BaseURL}}"],"path":["v2","items",":collection"],"variable":[{"id":"baa1f766-3d11-4963-bcce-c29178d2f551","key":"collection","value":"","description":"Table slug"}]}},"response":[]},{"name":"Update","id":"1af75773-3a3f-462e-b209-bc5d4ed6f1e6","protocolProfileBehavior":{"disableBodyPruning":true},"request":{"method":"PATCH","header":[{"key":"Authorization","value":"API-KEY","description":"API-KEY & Bearer {token}","type":"text"},{"key":"X-API-KEY","value":"","description":"API-KEY (The special key of the project)","type":"text"}],"body":{"mode":"raw","raw":"{\n    // table field\n    \"data\": {\n        // \"name\": \"John\"\n    }\n}","options":{"raw":{"language":"json"}}},"url":{"raw":"{{BaseURL}}/v2/items/:collection/:id","host":["{{BaseURL}}"],"path":["v2","items",":collection",":id"],"variable":[{"id":"fe692159-b5ca-477d-9611-c5218ca42835","key":"collection","value":"","description":"Table slug"},{"id":"7ece613d-c71b-491f-83d4-822c71a60486","key":"id","value":"","description":"Object(item) id"}]}},"response":[]},{"name":"Multiple Update","id":"d58c669a-4489-4fa9-8e05-bd234a11fb90","protocolProfileBehavior":{"disableBodyPruning":true},"request":{"method":"PATCH","header":[{"key":"Authorization","value":"API-KEY","description":"API-KEY & Bearer {token}","type":"text"},{"key":"X-API-KEY","value":"","description":"API-KEY (The special key of the project)","type":"text"}],"body":{"mode":"raw","raw":"{\n    // table field\n    \"data\": {\n        \"objects\": [\n            {\n                \"guid\": \"\" // required\n                // fields\n            },\n            {\n                \"guid\": \"\" // required\n                // field\n            }\n        ]\n    }\n}","options":{"raw":{"language":"json"}}},"url":{"raw":"{{BaseURL}}/v2/items/:collection","host":["{{BaseURL}}"],"path":["v2","items",":collection"],"variable":[{"id":"ef585fd9-38b9-47a6-873d-52eb5602fc11","key":"collection","value":"","description":"Table slug"}]}},"response":[]}],"id":"573913ef-7fbd-421b-bb23-f7dc8164bb77"},{"name":"Slim","item":[{"name":"object-slim","id":"38f7273d-76af-41a2-a801-c9d580fc25a5","protocolProfileBehavior":{"disableBodyPruning":true},"request":{"method":"GET","header":[{"key":"Authorization","value":"API-KEY","description":"API-KEY & Bearer {token}","type":"text"},{"key":"X-API-KEY","value":"your api key","description":"API-KEY (The special key of the project)","type":"text"}],"url":{"raw":"{{BaseUrL}}/v1/object-slim/get-list/:table_slug?limit=100&data={}","host":["{{BaseUrL}}"],"path":["v1","object-slim","get-list",":table_slug"],"query":[{"key":"limit","value":"100"},{"key":"data","value":"{}"}],"variable":[{"id":"fd63e852-8e22-4bd0-b128-2fa3cc476b10","key":"table_slug","value":""}]}},"response":[]},{"name":"object-slim single","id":"3ab0a6e8-e9e8-4741-93d3-4c5a484f4762","protocolProfileBehavior":{"disableBodyPruning":true},"request":{"method":"GET","header":[{"key":"Authorization","value":"API-KEY","description":"API-KEY & Bearer {token}","type":"text"},{"key":"X-API-KEY","value":"your api-key","description":"API-KEY (The special key of the project)","type":"text"}],"url":{"raw":"{{BaseUrL}}/v1/object-slim/:table_slug/:object_id","host":["{{BaseUrL}}"],"path":["v1","object-slim",":table_slug",":object_id"],"variable":[{"id":"0a70076c-1e1d-43cd-a0a1-96aab29f27a7","key":"table_slug","value":"","description":"Table slug(key)"},{"id":"81295ecf-72ad-4c8d-9e70-49633a22029d","key":"object_id","value":"","description":"id"}]}},"response":[]}],"id":"05df4500-39a5-47c8-9e50-ee75c4d98344"}],"auth":{"type":"apikey","apikey":[{"key":"key","value":"X-API-Key","type":"string"},{"key":"value","value":"{{token}}","type":"string"}]},"event":[{"listen":"prerequest","script":{"type":"text/javascript","exec":[""]}},{"listen":"test","script":{"type":"text/javascript","exec":[""]}}],"variable":[{"id":"20a0d2ed-451d-4246-badb-575818a7cfe3","key":"baseUrl","value":"https://farming-simulator.pstmn.io"},{"id":"822aa4f2-633a-4ccd-97b0-2a2001bf3ba8","key":"BaseAuthUrl","value":"https://api.auth.u-code.io"},{"id":"a0746108-a430-4a84-ab5e-b9e230c6a379","key":"BaseURL","value":"https://api.admin.u-code.io"}]}