{"info":{"_postman_id":"45870c6f-93ce-40d9-bb79-ea5d979c6c3f","name":"Items","schema":"https://schema.getpostman.com/json/collection/v2.1.0/collection.json"},"item":[{"name":"Create","id":"53651e57-17b5-4402-a247-d3133f01bc12","protocolProfileBehavior":{"disableBodyPruning":true},"request":{"method":"POST","header":[{"key":"Authorization","value":"API-KEY","description":"API-KEY & Bearer {token}","type":"text"},{"key":"X-API-KEY","value":"","description":"API-KEY (The special key of the project)","type":"text"}],"body":{"mode":"raw","raw":"{\n    // table fields\n    \"data\": {\n        // \"name\": \"John\"\n    }\n}","options":{"raw":{"language":"json"}}},"url":{"raw":"{{BaseURL}}/v2/items/:collection","host":["{{BaseURL}}"],"path":["v2","items",":collection"],"variable":[{"key":"collection","value":"","description":"Table slug"}]}},"response":[]},{"name":"List","id":"7147bad5-2fa9-495a-a078-d3e498825a69","protocolProfileBehavior":{"disableBodyPruning":true},"request":{"method":"GET","header":[{"key":"Authorization","value":"API-KEY","description":"API-KEY & Bearer {token}","type":"text"},{"key":"X-API-KEY","value":"","description":"API-KEY (The special key of the project)","type":"text"}],"body":{"mode":"raw","raw":"","options":{"raw":{"language":"json"}}},"url":{"raw":"{{BaseURL}}/v2/items/:collection?data={}","host":["{{BaseURL}}"],"path":["v2","items",":collection"],"query":[{"key":"data","value":"{}","description":"additional params(limit, offset, filters)"}],"variable":[{"key":"collection","value":"","description":"Table slug"}]}},"response":[]},{"name":"Single","id":"ef6a48c1-5920-4c74-a8f0-4ad70f03d91e","protocolProfileBehavior":{"disableBodyPruning":true},"request":{"method":"GET","header":[{"key":"Authorization","value":"API-KEY","description":"API-KEY & Bearer {token}","type":"text"},{"key":"X-API-KEY","value":"","description":"API-KEY (The special key of the project)","type":"text"}],"body":{"mode":"raw","raw":"","options":{"raw":{"language":"json"}}},"url":{"raw":"{{BaseURL}}/v2/items/:collection/:id","host":["{{BaseURL}}"],"path":["v2","items",":collection",":id"],"variable":[{"key":"collection","value":"","description":"Table slug"},{"key":"id","value":""}]}},"response":[]},{"name":"Delete","id":"010d94f1-3f42-45d4-b48e-ed671041b8c8","protocolProfileBehavior":{"disableBodyPruning":true},"request":{"method":"DELETE","header":[{"key":"Authorization","value":"API-KEY","description":"API-KEY & Bearer {token}","type":"text"},{"key":"X-API-KEY","value":"","description":"API-KEY (The special key of the project)","type":"text"}],"body":{"mode":"raw","raw":"","options":{"raw":{"language":"json"}}},"url":{"raw":"{{BaseURL}}/v2/items/:collection/:id","host":["{{BaseURL}}"],"path":["v2","items",":collection",":id"],"variable":[{"key":"collection","value":"","description":"Table slug"},{"key":"id","value":""}]}},"response":[]},{"name":"Multiple Delete","id":"cb19419c-ccc4-4d1a-88e6-31ca05cd0b01","protocolProfileBehavior":{"disableBodyPruning":true},"request":{"method":"DELETE","header":[{"key":"Authorization","value":"API-KEY","description":"API-KEY & Bearer {token}","type":"text"},{"key":"X-API-KEY","value":"","description":"API-KEY (The special key of the project)","type":"text"}],"body":{"mode":"raw","raw":"{\n    // item guids\n    \"ids\": []\n}","options":{"raw":{"language":"json"}}},"url":{"raw":"{{BaseURL}}/v2/items/:collection","host":["{{BaseURL}}"],"path":["v2","items",":collection"],"variable":[{"key":"collection","value":"","description":"Table slug"}]}},"response":[]},{"name":"Update","id":"652b1ba1-9532-4ff9-99ca-f55a0cc1627d","protocolProfileBehavior":{"disableBodyPruning":true},"request":{"method":"PATCH","header":[{"key":"Authorization","value":"API-KEY","description":"API-KEY & Bearer {token}","type":"text"},{"key":"X-API-KEY","value":"","description":"API-KEY (The special key of the project)","type":"text"}],"body":{"mode":"raw","raw":"{\n    // table field\n    \"data\": {\n        // \"name\": \"John\"\n    }\n}","options":{"raw":{"language":"json"}}},"url":{"raw":"{{BaseURL}}/v2/items/:collection/:id","host":["{{BaseURL}}"],"path":["v2","items",":collection",":id"],"variable":[{"key":"collection","value":"","description":"Table slug"},{"key":"id","value":"","description":"Object(item) id"}]}},"response":[]},{"name":"Multiple Update","id":"0c7fcec3-401d-4d46-96f4-227653ac828b","protocolProfileBehavior":{"disableBodyPruning":true},"request":{"method":"PATCH","header":[{"key":"Authorization","value":"API-KEY","description":"API-KEY & Bearer {token}","type":"text"},{"key":"X-API-KEY","value":"","description":"API-KEY (The special key of the project)","type":"text"}],"body":{"mode":"raw","raw":"{\n    // table field\n    \"data\": {\n        \"objects\": [\n            {\n                \"guid\": \"\" // required\n                // fields\n            },\n            {\n                \"guid\": \"\" // required\n                // field\n            }\n        ]\n    }\n}","options":{"raw":{"language":"json"}}},"url":{"raw":"{{BaseURL}}/v2/items/:collection","host":["{{BaseURL}}"],"path":["v2","items",":collection"],"variable":[{"key":"collection","value":"","description":"Table slug"}]}},"response":[]}],"variable":[{"id":"8d645869-e1d9-4ec4-ae41-17710effa734","key":"BaseURL","value":"https://api.admin.u-code.io"}]}