{"info":{"_postman_id":"46db5e66-e888-4453-a04c-61d17ee6994c","name":"Files","schema":"https://schema.getpostman.com/json/collection/v2.1.0/collection.json"},"item":[{"name":"List","id":"53dfc2ed-d4f0-4bac-a0a2-cb08a3da7c45","protocolProfileBehavior":{"disableBodyPruning":true},"request":{"method":"GET","header":[{"key":"Authorization","value":"API-KEY","description":"API-KEY & Bearer {token}","type":"text"},{"key":"X-API-KEY","value":"P-tBnx8s08cxeWyBbHmCEcockTw9BkDWLi","description":"API-KEY (The special key of the project)","type":"text"}],"body":{"mode":"raw","raw":"","options":{"raw":{"language":"json"}}},"url":{"raw":"{{BaseURL}}/v2/files?folder_name=","host":["{{BaseURL}}"],"path":["v2","files"],"query":[{"key":"folder_name","value":""}]}},"response":[]},{"name":"Single","id":"cce591bb-f6bd-486b-9026-f6bfdcdad8fc","protocolProfileBehavior":{"disableBodyPruning":true},"request":{"method":"GET","header":[{"key":"Authorization","value":"API-KEY","description":"API-KEY & Bearer {token}","type":"text"},{"key":"X-API-KEY","value":"","description":"API-KEY (The special key of the project)","type":"text"}],"body":{"mode":"raw","raw":"","options":{"raw":{"language":"json"}}},"url":{"raw":"{{BaseURL}}/v2/files/:id","host":["{{BaseURL}}"],"path":["v2","files",":id"],"variable":[{"key":"id","value":"","description":"File id"}]}},"response":[]},{"name":"Create","id":"4e331aff-3623-4172-8cbe-ceb27efb7468","protocolProfileBehavior":{"disableBodyPruning":true},"request":{"method":"POST","header":[{"key":"Authorization","value":"API-KEY","description":"API-KEY & Bearer {token}","type":"text"},{"key":"X-API-KEY","value":"","description":"API-KEY (The special key of the project)","type":"text"}],"body":{"mode":"formdata","formdata":[{"key":"file","type":"file","src":"/home/abdinazarov/Pictures/cats2.jpg"}]},"url":{"raw":"{{BaseURL}}/v2/files?folder_name=","host":["{{BaseURL}}"],"path":["v2","files"],"query":[{"key":"folder_name","value":""}]}},"response":[]},{"name":"Update","id":"d1254955-21ed-4a15-8dda-27de2fda8197","protocolProfileBehavior":{"disableBodyPruning":true},"request":{"method":"PUT","header":[{"key":"Authorization","value":"API-KEY","description":"API-KEY & Bearer {token}","type":"text"},{"key":"X-API-KEY","value":"","description":"API-KEY (The special key of the project)","type":"text"}],"body":{"mode":"raw","raw":"{\n  \"title\": \"\",\n  \"storage\": \"\",\n  \"file_name_disk\": \"\",\n  \"file_name_download\": \"\",\n  \"link\": \"\",\n  \"file_size\": 0\n}","options":{"raw":{"language":"json"}}},"url":{"raw":"{{BaseURL}}/v2/files/:id/upload","host":["{{BaseURL}}"],"path":["v2","files",":id","upload"],"variable":[{"key":"id","value":""}]}},"response":[]},{"name":"Delete","id":"3a97ec83-99c2-46e3-a4bb-fd2d1e00721f","protocolProfileBehavior":{"disableBodyPruning":true},"request":{"method":"DELETE","header":[{"key":"Authorization","value":"API-KEY","description":"API-KEY & Bearer {token}","type":"text"},{"key":"X-API-KEY","value":"P-tBnx8s08cxeWyBbHmCEcockTw9BkDWLi","description":"API-KEY (The special key of the project)","type":"text"}],"body":{"mode":"raw","raw":"","options":{"raw":{"language":"json"}}},"url":{"raw":"{{BaseURL}}/v2/files/:id/upload","host":["{{BaseURL}}"],"path":["v2","files",":id","upload"],"variable":[{"key":"id","value":""}]}},"response":[]}],"variable":[{"id":"2bdfd780-efdd-42e3-96d9-b391784954c9","key":"BaseURL","value":"https://api.admin.u-code.io"}]}