{"info":{"_postman_id":"4b382e38-047f-4d91-a957-19c43618d3b9","name":"Object&Items","schema":"https://schema.getpostman.com/json/collection/v2.1.0/collection.json"},"item":[{"name":"object-slim","id":"c2ce3d5f-e800-4dc6-ae5e-c52deac2f348","protocolProfileBehavior":{"disableBodyPruning":true},"request":{"method":"GET","header":[{"key":"Authorization","value":"API-KEY","description":"API-KEY & Bearer {token}","type":"text"},{"key":"X-API-KEY","value":"your api key","description":"API-KEY (The special key of the project)","type":"text"}],"url":{"raw":"{{BaseUrL}}/v1/object-slim/get-list/:table_slug?limit=100&data={}","host":["{{BaseUrL}}"],"path":["v1","object-slim","get-list",":table_slug"],"query":[{"key":"limit","value":"100"},{"key":"data","value":"{}"}],"variable":[{"key":"table_slug","value":""}]}},"response":[]},{"name":"object-slim single","id":"5b4d2976-a6c9-482d-92a6-7584272880e5","protocolProfileBehavior":{"disableBodyPruning":true},"request":{"method":"GET","header":[{"key":"Authorization","value":"API-KEY","description":"API-KEY & Bearer {token}","type":"text"},{"key":"X-API-KEY","value":"your api-key","description":"API-KEY (The special key of the project)","type":"text"}],"url":{"raw":"{{BaseUrL}}/v1/object-slim/:table_slug/:object_id","host":["{{BaseUrL}}"],"path":["v1","object-slim",":table_slug",":object_id"],"variable":[{"key":"table_slug","value":"","description":"Table slug(key)"},{"key":"object_id","value":"","description":"id"}]}},"response":[]},{"name":"items (object create)","id":"59711a74-ce1e-458e-a5eb-6465dbecd05a","protocolProfileBehavior":{"disableBodyPruning":true},"request":{"method":"POST","header":[{"key":"Authorization","value":"API-KEY","description":"API-KEY & Bearer {token}","type":"text"},{"key":"X-API-KEY","value":"your api-key","description":"API-KEY (The special key of the project)","type":"text"}],"body":{"mode":"raw","raw":"{\n    \"data\": {\n        // table fields\n        // \"name\": \"John\"\n    }\n}","options":{"raw":{"language":"json"}}},"url":{"raw":"{{BaseUrL}}/v2/items/:table_slug","host":["{{BaseUrL}}"],"path":["v2","items",":table_slug"],"variable":[{"key":"table_slug","value":"","description":"Table slug(key)"}]}},"response":[]},{"name":"items (object update)","id":"9ec2efd4-79d3-4d05-b37e-163a3e5bd804","protocolProfileBehavior":{"disableBodyPruning":true},"request":{"method":"PUT","header":[{"key":"Authorization","value":"API-KEY","description":"API-KEY & Bearer {token}","type":"text"},{"key":"X-API-KEY","value":"your api-key","description":"API-KEY (The special key of the project)","type":"text"}],"body":{"mode":"raw","raw":"{\n    \"data\": {\n        \"guid\": \"your_object_id\"\n        // table fields\n        // \"name\": \"John\"\n    }\n}","options":{"raw":{"language":"json"}}},"url":{"raw":"{{BaseUrL}}/v2/items/:table_slug","host":["{{BaseUrL}}"],"path":["v2","items",":table_slug"],"variable":[{"id":"33cf128d-7bbf-4aa0-9c5b-a8352e3e64f4","key":"table_slug","value":"","description":"Table slug(key)"}]}},"response":[]}],"event":[{"listen":"prerequest","script":{"id":"31e82f9a-a01b-4d2e-ac2e-1e931ca46cd2","type":"text/javascript","exec":[""]}},{"listen":"test","script":{"id":"2fe09e20-80ff-4d77-8c51-e4e0eeb4fd6a","type":"text/javascript","exec":[""]}}],"variable":[{"id":"e9050d8e-9eda-427d-8439-4c33e29a834b","key":"API-KEY","value":"P-DmYSu4fvSMAQK14KVmRdTSwkyUY6iHei"},{"id":"b6fd65fb-ee96-447c-a814-78caed275fc1","key":"BaseUrL","value":"https://api.admin.u-code.io"}]}