{"info":{"_postman_id":"f1ff9a55-8723-49da-9100-e77894e3e074","name":"Auth","schema":"https://schema.getpostman.com/json/collection/v2.1.0/collection.json"},"item":[{"name":"register","id":"58e26922-e009-4aac-80ae-46fcbd73fc37","protocolProfileBehavior":{"disableBodyPruning":true},"request":{"method":"POST","header":[{"key":"Environment-Id","value":"","description":"Your environment_id","type":"text"},{"key":"Resource-Id","value":"e10860a9-8abd-4cce-8f3a-3586957bb107","type":"text","disabled":true}],"body":{"mode":"raw","raw":"{\n  \"data\": {\n    \"surname\": \"Doe\",\n    \"name\": \"John\",\n    \"login\": \"johndoe\",\n    \"password\":\"johndoe123\",\n    \"email\": \"johndoe@gmail.com\",\n    \"phone\": \"\",\n    \"client_type_id\": \"\",\n    \"role_id\":\"\"\n  }\n}","options":{"raw":{"language":"json"}}},"url":{"raw":"{{BaseAuthUrl}}/v2/auth/register/:provider?project-id=","host":["{{BaseAuthUrl}}"],"path":["v2","auth","register",":provider"],"query":[{"key":"project-id","value":"","description":"Your project_id"}],"variable":[{"key":"provider","value":"","description":"email or phone"}]}},"response":[]},{"name":"login","id":"e6226b76-4adc-4846-9c44-cba9853e5c7a","protocolProfileBehavior":{"disableBodyPruning":true},"request":{"method":"POST","header":[{"key":"Environment-Id","value":"c3c9667b-c699-4fd4-be5e-9f228741dfcf","description":"Your environment_id","type":"text"}],"body":{"mode":"raw","raw":"{\n  \"data\": {\n   \"client_type_id\": \"\",\n    \"role_id\":\"\",\n    \"project_id\":\"\",\n    \"username\": \"johndoe\",\n    \"email\": \"\",\n    \"phone\": \"\",\n    \"otp\": \"\",\n    \"password\": \"johndoe123\"\n  },\n  \"login_strategy\": \"LOGIN\",\n  \"tables\": []\n}","options":{"raw":{"language":"json"}}},"url":{"raw":"{{BaseAuthUrl}}/v2/auth/login/:provider?project-id=","host":["{{BaseAuthUrl}}"],"path":["v2","auth","login",":provider"],"query":[{"key":"project-id","value":"","description":"Your project_id"}],"variable":[{"key":"provider","value":"login","description":"email, phone, login, login_pwd, phone_otp, email_otp, phone_pwd, email_pwd"}]}},"response":[]},{"name":"send-otp","id":"49ed52c2-c96d-4dd8-85f5-cae423857376","protocolProfileBehavior":{"disableBodyPruning":true},"request":{"method":"POST","header":[{"key":"Environment-Id","value":"c3c9667b-c699-4fd4-be5e-9f228741dfcf","description":"Your environment_id","type":"text"},{"key":"Resource-Id","value":"b9db0216-2bc2-4859-8bd0-dc430f40498b","type":"text"}],"body":{"mode":"raw","raw":"{\n  \"recipient\": \"+998990026162\", // a@gmail.com, +998997458231\n  \"text\": \"Your otp: \", // custom message with otp\n  \"type\": \"PHONE\" // email or phone\n}","options":{"raw":{"language":"json"}}},"url":{"raw":"{{BaseAuthUrl}}/v2/auth/send-code?project-id=7214baf7-74da-4fd2-a116-6477a9528c83","host":["{{BaseAuthUrl}}"],"path":["v2","auth","send-code"],"query":[{"key":"project-id","value":"7214baf7-74da-4fd2-a116-6477a9528c83","description":"Your project_id"}]}},"response":[]},{"name":"verify","id":"ad48c843-f238-491d-91ee-7b0d8e517c71","protocolProfileBehavior":{"disableBodyPruning":true},"request":{"method":"POST","header":[{"key":"Environment-Id","value":"c3c9667b-c699-4fd4-be5e-9f228741dfcf","description":"Your environment_id","type":"text"},{"key":"Resource-Id","value":"b9db0216-2bc2-4859-8bd0-dc430f40498b","type":"text"}],"body":{"mode":"raw","raw":"{\n \"otp\": \"121212\", // otp\n \"provider\": \"default\", // default, phone\n \"data\": {}\n}","options":{"raw":{"language":"json"}}},"url":{"raw":"{{BaseAuthUrl}}/v2/auth/verify/:verify_id?project-id=7214baf7-74da-4fd2-a116-6477a9528c83","host":["{{BaseAuthUrl}}"],"path":["v2","auth","verify",":verify_id"],"query":[{"key":"project-id","value":"7214baf7-74da-4fd2-a116-6477a9528c83","description":"Your project_id"}],"variable":[{"key":"verify_id","value":"a6e2d43f-a6c8-4ebd-ba1d-2176889e11f4"}]}},"response":[]},{"name":"refresh","id":"6120bdb9-64bd-49c6-bdae-5b9bc812d8b9","protocolProfileBehavior":{"disableBodyPruning":true},"request":{"method":"POST","header":[],"body":{"mode":"raw","raw":"{\n  \"client_type_id\": \"\",\n  \"env_id\": \"\",\n  \"project_id\": \"\",\n  \"refresh_token\": \"\",\n  \"role_id\": \"\"\n}","options":{"raw":{"language":"json"}}},"url":{"raw":"{{BaseAuthUrl}}/v2/auth/refresh","host":["{{BaseAuthUrl}}"],"path":["v2","auth","refresh"]}},"response":[]},{"name":"logout","id":"56a224c9-1b8d-4bad-a485-e049ae67c5ab","protocolProfileBehavior":{"disableBodyPruning":true},"request":{"method":"POST","header":[],"body":{"mode":"raw","raw":"{\n  \"access_token\": \"\"\n}","options":{"raw":{"language":"json"}}},"url":{"raw":"{{BaseAuthUrl}}/v2/auth/logout","host":["{{BaseAuthUrl}}"],"path":["v2","auth","logout"]}},"response":[]}],"variable":[{"id":"34ec01b4-123b-4cdb-9d01-ec61f55aa57e","key":"BaseAuthUrl","value":"https://api.auth.u-code.io"}]}